{
	"texture_size": [64, 64],
	"textures": {
		"1": "akaleaf/adventurer_tools_set/adventurer_shield"
	},
	"elements": [
		{
			"name": "handle",
			"from": [7, 8, 13],
			"to": [9, 14, 19],
			"faces": {
				"north": {"uv": [0, 5.25, 0.5, 6.75], "texture": "#1"},
				"east": {"uv": [0, 3.75, 1.5, 5.25], "texture": "#1"},
				"south": {"uv": [0.5, 5.25, 1, 6.75], "texture": "#1"},
				"west": {"uv": [1.5, 3.75, 3, 5.25], "texture": "#1"},
				"up": {"uv": [1.5, 6.75, 1, 5.25], "texture": "#1"},
				"down": {"uv": [2, 5.25, 1.5, 6.75], "texture": "#1"}
			}
		},
		{
			"name": "shield",
			"from": [1, 3.5, 12],
			"to": [15, 18.5, 13],
			"rotation": {"angle": 0, "axis": "y", "origin": [8, 11, 12.5]},
			"faces": {
				"north": {"uv": [0, 0, 3.5, 3.75], "texture": "#1"},
				"east": {"uv": [3, 4.75, 3.25, 8.5], "texture": "#1"},
				"south": {"uv": [3.5, 0, 7, 3.75], "texture": "#1"},
				"west": {"uv": [3.25, 4.75, 3.5, 8.5], "texture": "#1"},
				"up": {"uv": [7, 5, 3.5, 4.75], "texture": "#1"},
				"down": {"uv": [7, 5, 3.5, 5.25], "texture": "#1"}
			}
		},
		{
			"from": [6, 8.95, 11.5],
			"to": [10, 12.95, 12.5],
			"rotation": {"angle": 0, "axis": "y", "origin": [7.5, 10.45, 12.5]},
			"faces": {
				"north": {"uv": [3, 3.75, 4, 4.75], "texture": "#1"},
				"east": {"uv": [5, 3.75, 5.25, 4.75], "texture": "#1"},
				"south": {"uv": [4, 3.75, 5, 4.75], "texture": "#1"},
				"west": {"uv": [2, 5.25, 2.25, 6.25], "texture": "#1"},
				"up": {"uv": [4.5, 5.5, 3.5, 5.25], "texture": "#1"},
				"down": {"uv": [6.25, 3.75, 5.25, 4], "texture": "#1"}
			}
		}
	],
	"display": {
		"thirdperson_righthand": {
			"rotation": [90, -90, 90],
			"translation": [8, -5, 3]
		},
		"thirdperson_lefthand": {
			"rotation": [90, -90, 90],
			"translation": [8, -5, 3]
		},
		"firstperson_righthand": {
			"rotation": [-180, -180, -170],
			"translation": [-3.5, -4.75, -1]
		},
		"firstperson_lefthand": {
			"rotation": [-180, -180, -170],
			"translation": [-3.5, -4.75, -1]
		},
		"ground": {
			"translation": [0, 5.75, -5]
		},
		"gui": {
			"rotation": [-22.25, 152.25, 30.5],
			"translation": [-2.75, -1, 0],
			"scale": [0.8, 0.8, 0.8]
		},
		"head": {
			"rotation": [90, 0, 0],
			"translation": [0, 11.75, -3]
		},
		"fixed": {
			"translation": [0, -2.25, -5],
			"scale": [0.9, 0.9, 0.9]
		}
	},
	"groups": [
		{
			"name": "shield",
			"origin": [0, 11, 1],
			"color": 0,
			"children": [0, 1,
				{
					"name": "gems",
					"origin": [0, 11, 1],
					"color": 0,
					"children": [
						{
							"name": "gem1",
							"origin": [8, 8, 8],
							"color": 0,
							"children": [2]
						}
					]
				}
			]
		}
	]
}