{
	"texture_size": [64, 64],
	"textures": {
		"1": "akaleaf/adventurer_tools_set/adventurer_crossbow"
	},
	"elements": [
		{
			"from": [7, 5.75, 7],
			"to": [9, 13.75, 9],
			"rotation": {"angle": 0, "axis": "y", "origin": [14.01, 7.24, 7.99]},
			"faces": {
				"north": {"uv": [0.5, 5.25, 1, 7.25], "texture": "#1"},
				"east": {"uv": [1, 5.25, 1.5, 7.25], "texture": "#1"},
				"south": {"uv": [1.5, 5.25, 2, 7.25], "texture": "#1"},
				"west": {"uv": [2, 5.25, 2.5, 7.25], "texture": "#1"},
				"up": {"uv": [3.5, 7.25, 3, 6.75], "texture": "#1"},
				"down": {"uv": [4, 6.75, 3.5, 7.25], "texture": "#1"}
			}
		},
		{
			"from": [6.999, 13.749, 6.999],
			"to": [9.001, 19.751, 9.001],
			"rotation": {"angle": -22.5, "axis": "z", "origin": [7, 13.75, 8]},
			"faces": {
				"north": {"uv": [2.5, 5.25, 3, 6.75], "texture": "#1"},
				"east": {"uv": [3, 5.25, 3.5, 6.75], "texture": "#1"},
				"south": {"uv": [5.25, 3, 5.75, 4.5], "texture": "#1"},
				"west": {"uv": [3.5, 5.25, 4, 6.75], "texture": "#1"},
				"up": {"uv": [7, 7.25, 6.5, 6.75], "texture": "#1"},
				"down": {"uv": [7.5, 0, 7, 0.5], "texture": "#1"}
			}
		},
		{
			"from": [9.29556, 0.20542, 7],
			"to": [15.29556, 2.20542, 9],
			"rotation": {"angle": -45, "axis": "z", "origin": [9.29556, 0.20542, 8.001]},
			"faces": {
				"north": {"uv": [4, 5.25, 5.5, 5.75], "texture": "#1"},
				"east": {"uv": [7, 0.5, 7.5, 1], "texture": "#1"},
				"south": {"uv": [5.5, 5.25, 7, 5.75], "texture": "#1"},
				"west": {"uv": [7, 1, 7.5, 1.5], "texture": "#1"},
				"up": {"uv": [7.25, 2, 5.75, 1.5], "texture": "#1"},
				"down": {"uv": [7.25, 2, 5.75, 2.5], "texture": "#1"}
			}
		},
		{
			"from": [6.999, -0.251, 6.999],
			"to": [9.001, 5.751, 9.001],
			"rotation": {"angle": 22.5, "axis": "z", "origin": [7, 5.75, 8]},
			"faces": {
				"north": {"uv": [5.75, 2.5, 6.25, 4], "texture": "#1"},
				"east": {"uv": [4, 5.75, 4.5, 7.25], "texture": "#1"},
				"south": {"uv": [4.5, 5.75, 5, 7.25], "texture": "#1"},
				"west": {"uv": [5, 5.75, 5.5, 7.25], "texture": "#1"},
				"up": {"uv": [7.5, 3, 7, 2.5], "texture": "#1"},
				"down": {"uv": [7.5, 3, 7, 3.5], "texture": "#1"}
			}
		},
		{
			"from": [9.29556, 19.29458, 7],
			"to": [11.29556, 25.29458, 9],
			"rotation": {"angle": -45, "axis": "z", "origin": [9.29556, 19.29458, 8.001]},
			"faces": {
				"north": {"uv": [5.5, 5.75, 6, 7.25], "texture": "#1"},
				"east": {"uv": [6, 5.75, 6.5, 7.25], "texture": "#1"},
				"south": {"uv": [6.25, 0, 6.75, 1.5], "texture": "#1"},
				"west": {"uv": [6.25, 2.5, 6.75, 4], "texture": "#1"},
				"up": {"uv": [7.5, 4, 7, 3.5], "texture": "#1"},
				"down": {"uv": [7.5, 5.25, 7, 5.75], "texture": "#1"}
			}
		},
		{
			"from": [5, 8.25, 7.5],
			"to": [28, 11.25, 8.5],
			"rotation": {"angle": 0, "axis": "y", "origin": [14.01, 7.24, 7.99]},
			"faces": {
				"north": {"uv": [0, 1.5, 5.75, 2.25], "texture": "#1"},
				"east": {"uv": [7.25, 4, 7.5, 4.75], "texture": "#1"},
				"south": {"uv": [0, 2.25, 5.75, 3], "texture": "#1"},
				"west": {"uv": [4.5, 7.25, 4.75, 8], "texture": "#1"},
				"up": {"uv": [5.75, 4.75, 0, 4.5], "texture": "#1"},
				"down": {"uv": [5.75, 4.75, 0, 5], "texture": "#1"}
			}
		},
		{
			"from": [1.698, 7.248, 7.498],
			"to": [2.702, 12.252, 8.502],
			"rotation": {"angle": 0, "axis": "y", "origin": [13.46, 6.74, 7.99]},
			"faces": {
				"north": {"uv": [6.75, 0, 7, 1.25], "texture": "#1"},
				"east": {"uv": [2.5, 6.75, 2.75, 8], "texture": "#1"},
				"south": {"uv": [6.75, 2.5, 7, 3.75], "texture": "#1"},
				"west": {"uv": [2.75, 6.75, 3, 8], "texture": "#1"},
				"up": {"uv": [7, 1.5, 6.75, 1.25], "texture": "#1"},
				"down": {"uv": [7, 3.75, 6.75, 4], "texture": "#1"}
			}
		},
		{
			"from": [3.0024, 12.78235, 7.499],
			"to": [6.0044, 13.78435, 8.501],
			"rotation": {"angle": -22.5, "axis": "z", "origin": [-0.9966, 13.78335, 8.002]},
			"faces": {
				"north": {"uv": [4.75, 7.25, 5.5, 7.5], "texture": "#1"},
				"east": {"uv": [7.5, 0.75, 7.75, 1], "texture": "#1"},
				"south": {"uv": [7.25, 4.75, 8, 5], "texture": "#1"},
				"west": {"uv": [7.5, 1, 7.75, 1.25], "texture": "#1"},
				"up": {"uv": [6.25, 7.5, 5.5, 7.25], "texture": "#1"},
				"down": {"uv": [7, 7.25, 6.25, 7.5], "texture": "#1"}
			}
		},
		{
			"from": [3.0034, 5.71665, 7.5],
			"to": [6.0034, 6.71665, 8.5],
			"rotation": {"angle": 22.5, "axis": "z", "origin": [-0.9966, 5.71665, 8.002]},
			"faces": {
				"north": {"uv": [7, 7.25, 7.75, 7.5], "texture": "#1"},
				"east": {"uv": [7.5, 1.25, 7.75, 1.5], "texture": "#1"},
				"south": {"uv": [7.5, 0, 8.25, 0.25], "texture": "#1"},
				"west": {"uv": [7.5, 2.5, 7.75, 2.75], "texture": "#1"},
				"up": {"uv": [8.25, 0.5, 7.5, 0.25], "texture": "#1"},
				"down": {"uv": [8.25, 0.5, 7.5, 0.75], "texture": "#1"}
			}
		},
		{
			"from": [23.9, 9.25, 5.25],
			"to": [24.9, 10.25, 9.25],
			"rotation": {"angle": 22.5, "axis": "y", "origin": [24.4, 9.75, 8.75]},
			"faces": {
				"north": {"uv": [7.5, 2.75, 7.75, 3], "texture": "#1"},
				"east": {"uv": [7, 6.75, 8, 7], "texture": "#1"},
				"south": {"uv": [7.5, 3, 7.75, 3.25], "texture": "#1"},
				"west": {"uv": [7, 7, 8, 7.25], "texture": "#1"},
				"up": {"uv": [0.75, 8.25, 0.5, 7.25], "texture": "#1"},
				"down": {"uv": [1, 7.25, 0.75, 8.25], "texture": "#1"}
			}
		},
		{
			"name": "string-low",
			"from": [13.45241, -2.62301, 8.502],
			"to": [14.45241, 14.37699, 8.502],
			"rotation": {"angle": -45, "axis": "z", "origin": [13.95241, -2.12301, 8.502]},
			"faces": {
				"north": {"uv": [0, 5, 0.25, 9.25], "texture": "#1"},
				"east": {"uv": [0, 0, 0, 4.25], "texture": "#1"},
				"south": {"uv": [0.25, 5, 0.5, 9.25], "texture": "#1"},
				"west": {"uv": [0, 0, 0, 4.25], "texture": "#1"},
				"up": {"uv": [0.25, 0, 0, 0], "texture": "#1"},
				"down": {"uv": [0.25, 0, 0, 0], "texture": "#1"}
			}
		},
		{
			"name": "string-high",
			"from": [13.45241, 21.12301, 8.501],
			"to": [30.45241, 22.12301, 8.501],
			"rotation": {"angle": -45, "axis": "z", "origin": [13.95241, 21.62301, 8.501]},
			"faces": {
				"north": {"uv": [0.5, 5, 4.75, 5.25], "texture": "#1"},
				"east": {"uv": [0, 0, 0, 0.25], "texture": "#1"},
				"south": {"uv": [4.75, 5, 9, 5.25], "texture": "#1"},
				"west": {"uv": [0, 0, 0, 0.25], "texture": "#1"},
				"up": {"uv": [4.25, 0, 0, 0], "texture": "#1"},
				"down": {"uv": [4.25, 0, 0, 0], "texture": "#1"}
			}
		},
		{
			"name": "arrow",
			"from": [6.45241, 8.25, 8.503],
			"to": [27.45241, 11.25, 8.503],
			"rotation": {"angle": 0, "axis": "y", "origin": [7.95241, 9.87301, 8.501]},
			"faces": {
				"north": {"uv": [0, 3, 5.25, 3.75], "texture": "#1"},
				"east": {"uv": [0, 0, 0, 0.75], "texture": "#1"},
				"south": {"uv": [0, 3.75, 5.25, 4.5], "texture": "#1"},
				"west": {"uv": [0, 0, 0, 0.75], "texture": "#1"},
				"up": {"uv": [5.25, 0, 0, 0], "texture": "#1"},
				"down": {"uv": [5.25, 0, 0, 0], "texture": "#1"}
			}
		},
		{
			"name": "arrow",
			"from": [1.45141, 8.749, 7.501],
			"to": [7.45341, 10.751, 9.503],
			"rotation": {"angle": 0, "axis": "y", "origin": [-5.04759, 10.37301, 8.501]},
			"faces": {
				"north": {"uv": [5.75, 4, 7.25, 4.5], "texture": "#1"},
				"east": {"uv": [1, 7.25, 1.5, 7.75], "texture": "#1"},
				"south": {"uv": [5.75, 4.5, 7.25, 5], "texture": "#1"},
				"west": {"uv": [1.5, 7.25, 2, 7.75], "texture": "#1"},
				"up": {"uv": [8, 6.25, 6.5, 5.75], "texture": "#1"},
				"down": {"uv": [8, 6.25, 6.5, 6.75], "texture": "#1"}
			}
		},
		{
			"name": "arrow",
			"from": [0.05241, 8.75, 7.502],
			"to": [2.05241, 10.75, 9.502],
			"rotation": {"angle": 45, "axis": "z", "origin": [1.05241, 9.75, 8.502]},
			"faces": {
				"north": {"uv": [7.25, 1.5, 7.75, 2], "texture": "#1"},
				"east": {"uv": [2, 7.25, 2.5, 7.75], "texture": "#1"},
				"south": {"uv": [7.25, 2, 7.75, 2.5], "texture": "#1"},
				"west": {"uv": [3, 7.25, 3.5, 7.75], "texture": "#1"},
				"up": {"uv": [4, 7.75, 3.5, 7.25], "texture": "#1"},
				"down": {"uv": [4.5, 7.25, 4, 7.75], "texture": "#1"}
			}
		}
	],
	"gui_light": "front",
	"display": {
		"thirdperson_righthand": {
			"rotation": [-90, 0, -105],
			"translation": [1, 0.25, -5],
			"scale": [0.6, 0.6, 0.6]
		},
		"thirdperson_lefthand": {
			"rotation": [-90, 0, 75],
			"translation": [3, 0.25, -4.5],
			"scale": [0.6, 0.6, 0.6]
		},
		"firstperson_righthand": {
			"rotation": [95, -179, 80],
			"translation": [0.5, 1.5, -1],
			"scale": [0.6, 0.6, 0.6]
		},
		"firstperson_lefthand": {
			"rotation": [95, -179, -100],
			"translation": [2.25, 1.5, -0.75],
			"scale": [0.6, 0.6, 0.6]
		},
		"ground": {
			"rotation": [0, 0, -45],
			"translation": [0, 9, 0],
			"scale": [0.5, 0.5, 0.5]
		},
		"gui": {
			"rotation": [0, 0, -45],
			"translation": [-3, 1.5, -0.75],
			"scale": [0.6, 0.6, 0.6]
		},
		"head": {
			"rotation": [0, 0, -90],
			"translation": [-1, 9, 0.75],
			"scale": [0.6, 0.6, 0.6]
		},
		"fixed": {
			"rotation": [0, -180, -45],
			"translation": [3.5, 1.75, -0.75],
			"scale": [0.7, 0.7, 0.7]
		}
	},
	"groups": [
		{
			"name": "bow",
			"origin": [8, 8, 8],
			"color": 0,
			"children": [
				{
					"name": "bow",
					"origin": [8, 8, 8],
					"color": 0,
					"children": [0, 1, 2, 3, 4, 5, 6, 7, 8, 9]
				},
				{
					"name": "string",
					"origin": [8, 8, 8],
					"color": 0,
					"children": [10, 11]
				},
				{
					"name": "firework",
					"origin": [8, 8, 8],
					"color": 0,
					"children": [12, 13, 14]
				}
			]
		}
	]
}